{"cameraMode":{"drawMode":0,"name":"Shaded","section":"Shading Mode"},"sceneLighting":false,"audioPlay":false,"sceneViewState":{"showFog":false,"showMaterialUpdate":false,"showSkybox":false,"showFlares":false,"showImageEffects":false,"showParticleSystems":false},"in2DMode":false,"pivot":{"x":0.0,"y":1.3663525581359864,"z":5.960464477539063e-8},"rotation":{"x":0.21782149374485017,"y":0.3628121018409729,"z":-0.08763381838798523,"w":0.9017990231513977},"size":5.5320963859558109,"orthographic":false}