{"cameraMode":{"drawMode":0,"name":"Shaded","section":"Shading Mode"},"sceneLighting":false,"audioPlay":false,"sceneViewState":{"showFog":false,"showMaterialUpdate":false,"showSkybox":false,"showFlares":false,"showImageEffects":false,"showParticleSystems":false},"in2DMode":false,"pivot":{"x":4.656612873077393e-10,"y":9.313225746154786e-10,"z":0.4999999701976776},"rotation":{"x":-0.08273809403181076,"y":-0.4786783754825592,"z":0.04537202790379524,"w":-0.8729063272476196},"size":0.5000500082969666,"orthographic":false}