{"cameraMode":{"drawMode":0,"name":"Shaded","section":"Shading Mode"},"sceneLighting":true,"audioPlay":false,"sceneViewState":{"showFog":false,"showMaterialUpdate":false,"showSkybox":false,"showFlares":false,"showImageEffects":false,"showParticleSystems":false},"in2DMode":false,"pivot":{"x":0.047420453280210498,"y":1.3741074800491334,"z":0.20522794127464295},"rotation":{"x":-0.054683953523635867,"y":-0.28127577900886538,"z":0.01605508103966713,"w":-0.9579331278800964},"size":0.6363084316253662,"orthographic":false}