{"cameraMode":{"drawMode":0,"name":"Shaded","section":"Shading Mode"},"sceneLighting":false,"audioPlay":false,"sceneViewState":{"showFog":false,"showMaterialUpdate":false,"showSkybox":false,"showFlares":false,"showImageEffects":false,"showParticleSystems":false},"in2DMode":false,"pivot":{"x":0.7446981072425842,"y":1.1002062559127808,"z":1.3190659284591675},"rotation":{"x":-0.04320594668388367,"y":-0.5736983418464661,"z":0.030327051877975465,"w":-0.8173639178276062},"size":5.050111293792725,"orthographic":false}