{"cameraMode":{"drawMode":0,"name":"Shaded","section":"Shading Mode"},"sceneLighting":true,"audioPlay":false,"sceneViewState":{"showFog":false,"showMaterialUpdate":false,"showSkybox":false,"showFlares":false,"showImageEffects":false,"showParticleSystems":false},"in2DMode":false,"pivot":{"x":0.9382246136665344,"y":1.3564866781234742,"z":1.1905171871185303},"rotation":{"x":-0.017292609438300134,"y":0.2724749445915222,"z":0.004899635445326567,"w":0.961995005607605},"size":1.4715766906738282,"orthographic":false}