{"cameraMode":{"drawMode":0,"name":"Shaded","section":"Shading Mode"},"sceneLighting":true,"audioPlay":false,"sceneViewState":{"showFog":false,"showMaterialUpdate":false,"showSkybox":false,"showFlares":false,"showImageEffects":false,"showParticleSystems":false},"in2DMode":false,"pivot":{"x":2.268205404281616,"y":1.3141578435897828,"z":3.5550715923309328},"rotation":{"x":0.03383377194404602,"y":0.19807018339633943,"z":-0.006839670706540346,"w":0.9795799255371094},"size":1.3926219940185547,"orthographic":false}