{"cameraMode":{"drawMode":0,"name":"Shaded","section":"Shading Mode"},"sceneLighting":false,"audioPlay":false,"sceneViewState":{"showFog":false,"showMaterialUpdate":false,"showSkybox":false,"showFlares":false,"showImageEffects":false,"showParticleSystems":false},"in2DMode":false,"pivot":{"x":-0.5386228561401367,"y":0.025556519627571107,"z":0.6839195489883423},"rotation":{"x":0.1125541552901268,"y":0.729206919670105,"z":-0.12369023263454437,"w":0.6635432243347168},"size":0.46212735772132876,"orthographic":false}