{"cameraMode":{"drawMode":0,"name":"Shaded","section":"Shading Mode"},"sceneLighting":true,"audioPlay":false,"sceneViewState":{"showFog":false,"showMaterialUpdate":false,"showSkybox":false,"showFlares":false,"showImageEffects":false,"showParticleSystems":false},"in2DMode":false,"pivot":{"x":0.21594595909118653,"y":3.613260269165039,"z":0.9254599809646606},"rotation":{"x":-0.18517598509788514,"y":0.2055506855249405,"z":-0.039644550532102588,"w":-0.9601495862007141},"size":0.6668394207954407,"orthographic":false}