{"cameraMode":{"drawMode":0,"name":"Shaded","section":"Shading Mode"},"sceneLighting":false,"audioPlay":false,"sceneViewState":{"showFog":false,"showMaterialUpdate":false,"showSkybox":false,"showFlares":false,"showImageEffects":false,"showParticleSystems":false},"in2DMode":false,"pivot":{"x":-4.76837158203125e-7,"y":0.25310954451560976,"z":-4.76837158203125e-7},"rotation":{"x":0.2168460190296173,"y":0.05999923124909401,"z":-0.013353616930544377,"w":0.9742687344551086},"size":1.4930644035339356,"orthographic":false}