{"cameraMode":{"drawMode":0,"name":"Shaded","section":"Shading Mode"},"sceneLighting":false,"audioPlay":false,"sceneViewState":{"showFog":false,"showMaterialUpdate":false,"showSkybox":false,"showFlares":false,"showImageEffects":false,"showParticleSystems":false},"in2DMode":false,"pivot":{"x":0.0,"y":0.1402774602174759,"z":-5.960464477539063e-8},"rotation":{"x":0.035317596048116687,"y":-0.40744903683662417,"z":-0.015770424157381059,"w":-0.9124085307121277},"size":0.6770853400230408,"orthographic":false}