{"cameraMode":{"drawMode":0,"name":"Shaded","section":"Shading Mode"},"sceneLighting":false,"audioPlay":false,"sceneViewState":{"showFog":false,"showMaterialUpdate":false,"showSkybox":false,"showFlares":false,"showImageEffects":false,"showParticleSystems":false},"in2DMode":false,"pivot":{"x":-0.17606091499328614,"y":-0.6630825996398926,"z":-0.5109823942184448},"rotation":{"x":-0.07972490042448044,"y":0.8856241703033447,"z":-0.4265083372592926,"w":-0.16554291546344758},"size":1.1050986051559449,"orthographic":false}