{"cameraMode":{"drawMode":0,"name":"Shaded","section":"Shading Mode"},"sceneLighting":false,"audioPlay":false,"sceneViewState":{"showFog":false,"showMaterialUpdate":false,"showSkybox":false,"showFlares":false,"showImageEffects":false,"showParticleSystems":false},"in2DMode":false,"pivot":{"x":0.024668393656611444,"y":0.10720056295394898,"z":-1.2151284217834473},"rotation":{"x":0.00020149321062490344,"y":-0.9858682751655579,"z":0.16751813888549806,"w":0.0011795239988714457},"size":2.5958664417266847,"orthographic":false}