{"cameraMode":{"drawMode":0,"name":"Shaded","section":"Shading Mode"},"sceneLighting":true,"audioPlay":false,"sceneViewState":{"showFog":false,"showMaterialUpdate":false,"showSkybox":false,"showFlares":false,"showImageEffects":false,"showParticleSystems":false},"in2DMode":false,"pivot":{"x":0.051979608833789828,"y":1.2316639423370362,"z":0.44880467653274538},"rotation":{"x":0.02728058211505413,"y":-0.9444827437400818,"z":0.3171902894973755,"w":0.08123151957988739},"size":0.7288889288902283,"orthographic":false}