{"cameraMode":{"drawMode":0,"name":"Shaded","section":"Shading Mode"},"sceneLighting":false,"audioPlay":false,"sceneViewState":{"showFog":false,"showMaterialUpdate":false,"showSkybox":false,"showFlares":false,"showImageEffects":false,"showParticleSystems":false},"in2DMode":false,"pivot":{"x":-0.7643361687660217,"y":0.023810721933841707,"z":0.35693037509918215},"rotation":{"x":0.13200607895851136,"y":0.7040401101112366,"z":-0.13578321039676667,"w":0.6844449639320374},"size":0.913799524307251,"orthographic":false}