{"cameraMode":{"drawMode":0,"name":"Shaded","section":"Shading Mode"},"sceneLighting":false,"audioPlay":false,"sceneViewState":{"showFog":false,"showMaterialUpdate":false,"showSkybox":false,"showFlares":false,"showImageEffects":false,"showParticleSystems":false},"in2DMode":false,"pivot":{"x":0.7984316945075989,"y":1.0484052896499634,"z":-0.5847561359405518},"rotation":{"x":-0.0008112600771710277,"y":-0.9694482088088989,"z":0.003210800001397729,"w":-0.24527384340763093},"size":3.7466742992401125,"orthographic":false}