{"cameraMode":{"drawMode":0,"name":"Shaded","section":"Shading Mode"},"sceneLighting":false,"audioPlay":false,"sceneViewState":{"showFog":false,"showMaterialUpdate":false,"showSkybox":false,"showFlares":false,"showImageEffects":false,"showParticleSystems":false},"in2DMode":false,"pivot":{"x":0.20323306322097779,"y":-0.5330414772033691,"z":1.865544319152832},"rotation":{"x":0.14652346074581147,"y":0.05841635912656784,"z":-0.008667455054819584,"w":0.9874428510665894},"size":2.3334529399871828,"orthographic":false}