{"cameraMode":{"drawMode":0,"name":"Shaded","section":"Shading Mode"},"sceneLighting":false,"audioPlay":false,"sceneViewState":{"showFog":false,"showMaterialUpdate":false,"showSkybox":false,"showFlares":false,"showImageEffects":false,"showParticleSystems":false},"in2DMode":false,"pivot":{"x":-0.1320303976535797,"y":-0.4251222610473633,"z":1.9099140167236329},"rotation":{"x":0.12298385798931122,"y":-0.015788333490490915,"z":0.001957551809027791,"w":0.9922811985015869},"size":2.3334529399871828,"orthographic":false}