{"cameraMode":{"drawMode":0,"name":"Shaded","section":"Shading Mode"},"sceneLighting":false,"audioPlay":false,"sceneViewState":{"showFog":false,"showMaterialUpdate":false,"showSkybox":false,"showFlares":false,"showImageEffects":false,"showParticleSystems":false},"in2DMode":false,"pivot":{"x":0.8926639556884766,"y":0.17526674270629884,"z":0.10996825993061066},"rotation":{"x":0.07435137033462525,"y":0.6819964051246643,"z":-0.07002012431621552,"w":0.724189281463623},"size":3.361647844314575,"orthographic":false}