{"cameraMode":{"drawMode":0,"name":"Shaded","section":"Shading Mode"},"sceneLighting":false,"audioPlay":false,"sceneViewState":{"showFog":false,"showMaterialUpdate":false,"showSkybox":false,"showFlares":false,"showImageEffects":false,"showParticleSystems":false},"in2DMode":false,"pivot":{"x":0.6807129383087158,"y":0.5818665623664856,"z":-0.9293551445007324},"rotation":{"x":-0.008674783632159233,"y":-0.8988290429115295,"z":0.017810150980949403,"w":-0.43785160779953005},"size":5.050111293792725,"orthographic":false}