{"cameraMode":{"drawMode":0,"name":"Shaded","section":"Shading Mode"},"sceneLighting":false,"audioPlay":false,"sceneViewState":{"showFog":false,"showMaterialUpdate":false,"showSkybox":false,"showFlares":false,"showImageEffects":false,"showParticleSystems":false},"in2DMode":false,"pivot":{"x":0.023306094110012056,"y":-0.03536149859428406,"z":0.020279422402381898},"rotation":{"x":0.035317596048116687,"y":-0.40744903683662417,"z":-0.015770424157381059,"w":-0.9124085307121277},"size":0.734853208065033,"orthographic":false}