{"cameraMode":{"drawMode":0,"name":"Shaded","section":"Shading Mode"},"sceneLighting":false,"audioPlay":false,"sceneViewState":{"showFog":false,"showMaterialUpdate":false,"showSkybox":false,"showFlares":false,"showImageEffects":false,"showParticleSystems":false},"in2DMode":false,"pivot":{"x":-0.0432734340429306,"y":0.8816047310829163,"z":-0.2783237099647522},"rotation":{"x":-0.4658362865447998,"y":0.0715373232960701,"z":-0.03781779855489731,"w":-0.8811632990837097},"size":0.35297948122024538,"orthographic":false}