{"cameraMode":{"drawMode":0,"name":"Shaded","section":"Shading Mode"},"sceneLighting":false,"audioPlay":false,"sceneViewState":{"showFog":false,"showMaterialUpdate":false,"showSkybox":false,"showFlares":false,"showImageEffects":false,"showParticleSystems":false},"in2DMode":false,"pivot":{"x":0.2726134955883026,"y":-0.4875596761703491,"z":1.8698265552520753},"rotation":{"x":0.13750818371772767,"y":0.0718340277671814,"z":-0.009998581372201443,"w":0.987841784954071},"size":2.633453130722046,"orthographic":false}