{"cameraMode":{"drawMode":0,"name":"Shaded","section":"Shading Mode"},"sceneLighting":true,"audioPlay":false,"sceneViewState":{"showFog":false,"showMaterialUpdate":false,"showSkybox":false,"showFlares":false,"showImageEffects":false,"showParticleSystems":false},"in2DMode":false,"pivot":{"x":-0.1318368911743164,"y":0.8979675769805908,"z":-0.23471176624298097},"rotation":{"x":-0.21860559284687043,"y":-0.6034983396530151,"z":0.17681285738945008,"w":-0.7461513876914978},"size":1.6571056842803956,"orthographic":false}