{"cameraMode":{"drawMode":0,"name":"Shaded","section":"Shading Mode"},"sceneLighting":true,"audioPlay":false,"sceneViewState":{"showFog":false,"showMaterialUpdate":false,"showSkybox":false,"showFlares":false,"showImageEffects":false,"showParticleSystems":false},"in2DMode":false,"pivot":{"x":4.278454303741455,"y":0.3246893882751465,"z":7.566765785217285},"rotation":{"x":-0.39213827252388,"y":0.17573727667331696,"z":-0.07659664005041123,"w":-0.8997094035148621},"size":3.4073777198791506,"orthographic":false}