{"cameraMode":{"drawMode":0,"name":"Shaded","section":"Shading Mode"},"sceneLighting":false,"audioPlay":false,"sceneViewState":{"showFog":false,"showMaterialUpdate":false,"showSkybox":false,"showFlares":false,"showImageEffects":false,"showParticleSystems":false},"in2DMode":false,"pivot":{"x":-0.4958604574203491,"y":0.046789079904556277,"z":0.7467167973518372},"rotation":{"x":0.13200607895851136,"y":0.7040401101112366,"z":-0.13578321039676667,"w":0.6844449639320374},"size":0.4615592360496521,"orthographic":false}