{"cameraMode":{"drawMode":0,"name":"Shaded","section":"Shading Mode"},"sceneLighting":false,"audioPlay":false,"sceneViewState":{"showFog":false,"showMaterialUpdate":false,"showSkybox":false,"showFlares":false,"showImageEffects":false,"showParticleSystems":false},"in2DMode":false,"pivot":{"x":1.2293457984924317e-7,"y":0.11529508978128433,"z":1.2665987014770509e-7},"rotation":{"x":0.035317596048116687,"y":-0.40744903683662417,"z":-0.015770424157381059,"w":-0.9124085307121277},"size":0.4765830338001251,"orthographic":false}