{"cameraMode":{"drawMode":0,"name":"Shaded","section":"Shading Mode"},"sceneLighting":true,"audioPlay":false,"sceneViewState":{"showFog":false,"showMaterialUpdate":false,"showSkybox":false,"showFlares":false,"showImageEffects":false,"showParticleSystems":false},"in2DMode":false,"pivot":{"x":2.984266757965088,"y":1.8788045644760132,"z":2.977475643157959},"rotation":{"x":0.04546293988823891,"y":-0.9014558792114258,"z":0.09776096791028977,"w":0.4192293882369995},"size":-0.7926219701766968,"orthographic":false}