{"cameraMode":{"drawMode":0,"name":"Shaded","section":"Shading Mode"},"sceneLighting":false,"audioPlay":false,"sceneViewState":{"showFog":false,"showMaterialUpdate":false,"showSkybox":false,"showFlares":false,"showImageEffects":false,"showParticleSystems":false},"in2DMode":false,"pivot":{"x":5.364418029785156e-7,"y":5.960464477539063e-8,"z":0.034644294530153278},"rotation":{"x":0.5907037854194641,"y":0.043520208448171619,"z":-0.031931374222040179,"w":0.8050810098648071},"size":2.867356300354004,"orthographic":false}