{"cameraMode":{"drawMode":0,"name":"Shaded","section":"Shading Mode"},"sceneLighting":true,"audioPlay":false,"sceneViewState":{"showFog":false,"showMaterialUpdate":false,"showSkybox":false,"showFlares":false,"showImageEffects":false,"showParticleSystems":false},"in2DMode":false,"pivot":{"x":0.002126932144165039,"y":0.7331031560897827,"z":-0.7325816750526428},"rotation":{"x":0.06357905268669129,"y":0.7535302042961121,"z":0.0736844390630722,"w":-0.6501696705818176},"size":0.2857885956764221,"orthographic":false}