{"cameraMode":{"drawMode":0,"name":"Shaded","section":"Shading Mode"},"sceneLighting":false,"audioPlay":false,"sceneViewState":{"showFog":false,"showMaterialUpdate":false,"showSkybox":false,"showFlares":false,"showImageEffects":false,"showParticleSystems":false},"in2DMode":false,"pivot":{"x":0.6129776239395142,"y":0.4778098464012146,"z":1.77693510055542},"rotation":{"x":0.22814594209194184,"y":0.7555930018424988,"z":-0.334992378950119,"w":0.5145958065986633},"size":1.261648178100586,"orthographic":false}