{"cameraMode":{"drawMode":0,"name":"Shaded","section":"Shading Mode"},"sceneLighting":false,"audioPlay":false,"sceneViewState":{"showFog":false,"showMaterialUpdate":false,"showSkybox":false,"showFlares":false,"showImageEffects":false,"showParticleSystems":false},"in2DMode":false,"pivot":{"x":0.44023385643959048,"y":1.1134384870529175,"z":0.43991515040397646},"rotation":{"x":0.007247817236930132,"y":-0.9257604479789734,"z":-0.01776554249227047,"w":-0.37762340903282168},"size":4.210472106933594,"orthographic":false}