{"cameraMode":{"drawMode":0,"name":"Shaded","section":"Shading Mode"},"sceneLighting":false,"audioPlay":false,"sceneViewState":{"showFog":false,"showMaterialUpdate":false,"showSkybox":false,"showFlares":false,"showImageEffects":false,"showParticleSystems":false},"in2DMode":false,"pivot":{"x":0.0000019073486328125,"y":-1.1548399925231934e-7,"z":0.5183569192886353},"rotation":{"x":0.035317596048116687,"y":-0.40744903683662417,"z":-0.015770424157381059,"w":-0.9124085307121277},"size":2.548184394836426,"orthographic":false}