{"cameraMode":{"drawMode":0,"name":"Shaded","section":"Shading Mode"},"sceneLighting":false,"audioPlay":false,"sceneViewState":{"showFog":false,"showMaterialUpdate":false,"showSkybox":false,"showFlares":false,"showImageEffects":false,"showParticleSystems":false},"in2DMode":false,"pivot":{"x":-0.5366374254226685,"y":1.1545305252075196,"z":-0.4897191524505615},"rotation":{"x":-0.1568925678730011,"y":-0.14607477188110352,"z":0.023471252992749215,"w":-0.9764711856842041},"size":3.0012857913970949,"orthographic":false}