{"cameraMode":{"drawMode":0,"name":"Shaded","section":"Shading Mode"},"sceneLighting":false,"audioPlay":false,"sceneViewState":{"showFog":false,"showMaterialUpdate":false,"showSkybox":false,"showFlares":false,"showImageEffects":false,"showParticleSystems":false},"in2DMode":false,"pivot":{"x":0.0,"y":0.6179329752922058,"z":0.7576035261154175},"rotation":{"x":0.035317596048116687,"y":-0.40744903683662417,"z":-0.015770424157381059,"w":-0.9124085307121277},"size":4.350200653076172,"orthographic":false}