{"cameraMode":{"drawMode":0,"name":"Shaded","section":"Shading Mode"},"sceneLighting":false,"audioPlay":false,"sceneViewState":{"showFog":false,"showMaterialUpdate":false,"showSkybox":false,"showFlares":false,"showImageEffects":false,"showParticleSystems":false},"in2DMode":false,"pivot":{"x":-3.5762786865234377e-7,"y":1.111456036567688,"z":-0.000001430511474609375},"rotation":{"x":0.007247817236930132,"y":-0.9257604479789734,"z":-0.01776554249227047,"w":-0.37762340903282168},"size":4.221728324890137,"orthographic":false}