{"cameraMode":{"drawMode":0,"name":"Shaded","section":"Shading Mode"},"sceneLighting":true,"audioPlay":false,"sceneViewState":{"showFog":false,"showMaterialUpdate":false,"showSkybox":false,"showFlares":false,"showImageEffects":false,"showParticleSystems":false},"in2DMode":false,"pivot":{"x":0.14611080288887025,"y":1.368854284286499,"z":0.7326619625091553},"rotation":{"x":-0.1477297991514206,"y":-0.20229336619377137,"z":0.030884847044944764,"w":-0.9676256775856018},"size":1.3428943157196046,"orthographic":false}