{"cameraMode":{"drawMode":0,"name":"Shaded","section":"Shading Mode"},"sceneLighting":true,"audioPlay":false,"sceneViewState":{"showFog":false,"showMaterialUpdate":false,"showSkybox":false,"showFlares":false,"showImageEffects":false,"showParticleSystems":false},"in2DMode":false,"pivot":{"x":0.22935843467712403,"y":1.4616940021514893,"z":1.0002695322036744},"rotation":{"x":0.019094711169600488,"y":-0.20841139554977418,"z":0.004071197472512722,"w":0.9778463840484619},"size":2.136918783187866,"orthographic":false}