{"cameraMode":{"drawMode":0,"name":"Shaded","section":"Shading Mode"},"sceneLighting":true,"audioPlay":false,"sceneViewState":{"showFog":false,"showMaterialUpdate":false,"showSkybox":false,"showFlares":false,"showImageEffects":false,"showParticleSystems":false},"in2DMode":false,"pivot":{"x":-0.11567326635122299,"y":2.063760757446289,"z":0.932023823261261},"rotation":{"x":-0.08273809403181076,"y":-0.4786783754825592,"z":0.04537202790379524,"w":-0.8729063272476196},"size":0.7571057081222534,"orthographic":false}