{"cameraMode":{"drawMode":0,"name":"Shaded","section":"Shading Mode"},"sceneLighting":true,"audioPlay":false,"sceneViewState":{"showFog":false,"showMaterialUpdate":false,"showSkybox":false,"showFlares":false,"showImageEffects":false,"showParticleSystems":false},"in2DMode":false,"pivot":{"x":0.04729652404785156,"y":1.1242483854293824,"z":0.3948490619659424},"rotation":{"x":0.03318179026246071,"y":-0.9122808575630188,"z":0.07545796781778336,"w":0.40118420124053957},"size":1.992621898651123,"orthographic":false}