{"cameraMode":{"drawMode":0,"name":"Shaded","section":"Shading Mode"},"sceneLighting":false,"audioPlay":false,"sceneViewState":{"showFog":false,"showMaterialUpdate":false,"showSkybox":false,"showFlares":false,"showImageEffects":false,"showParticleSystems":false},"in2DMode":false,"pivot":{"x":0.26619166135787966,"y":0.030487267300486566,"z":-1.0853618383407593},"rotation":{"x":-0.1008930504322052,"y":-0.15454883873462678,"z":0.01586858741939068,"w":-0.9826919436454773},"size":0.12420041859149933,"orthographic":false}