{"cameraMode":{"drawMode":0,"name":"Shaded","section":"Shading Mode"},"sceneLighting":false,"audioPlay":false,"sceneViewState":{"showFog":false,"showMaterialUpdate":false,"showSkybox":false,"showFlares":false,"showImageEffects":false,"showParticleSystems":false},"in2DMode":false,"pivot":{"x":-0.12603844702243806,"y":0.17399035394191743,"z":0.5508533120155335},"rotation":{"x":-0.033827438950538638,"y":-0.9454371929168701,"z":0.10423975437879563,"w":-0.3068197965621948},"size":0.20523011684417725,"orthographic":false}