{"cameraMode":{"drawMode":0,"name":"Shaded","section":"Shading Mode"},"sceneLighting":true,"audioPlay":false,"sceneViewState":{"showFog":false,"showMaterialUpdate":false,"showSkybox":false,"showFlares":false,"showImageEffects":false,"showParticleSystems":false},"in2DMode":false,"pivot":{"x":-1.0678107738494874,"y":1.19535231590271,"z":0.039017677307128909},"rotation":{"x":0.05443312227725983,"y":-0.835871160030365,"z":0.0843111053109169,"w":0.5396740436553955},"size":2.424757480621338,"orthographic":false}