{"cameraMode":{"drawMode":0,"name":"Shaded","section":"Shading Mode"},"sceneLighting":false,"audioPlay":false,"sceneViewState":{"showFog":false,"showMaterialUpdate":false,"showSkybox":false,"showFlares":false,"showImageEffects":false,"showParticleSystems":false},"in2DMode":false,"pivot":{"x":-0.5045193433761597,"y":0.07186827808618546,"z":-0.44055604934692385},"rotation":{"x":0.06669667363166809,"y":-0.4471667408943176,"z":-0.033459436148405078,"w":-0.8913326859474182},"size":0.26272380352020266,"orthographic":false}