{"cameraMode":{"drawMode":0,"name":"Shaded","section":"Shading Mode"},"sceneLighting":true,"audioPlay":false,"sceneViewState":{"showFog":false,"showMaterialUpdate":false,"showSkybox":false,"showFlares":false,"showImageEffects":false,"showParticleSystems":false},"in2DMode":false,"pivot":{"x":-0.08993697166442871,"y":1.251802682876587,"z":2.2047312259674074},"rotation":{"x":-0.21527905762195588,"y":0.7010874152183533,"z":-0.23686210811138154,"w":-0.6372042298316956},"size":2.5124716758728029,"orthographic":false}