{"cameraMode":{"drawMode":0,"name":"Shaded","section":"Shading Mode"},"sceneLighting":false,"audioPlay":false,"sceneViewState":{"showFog":false,"showMaterialUpdate":false,"showSkybox":false,"showFlares":false,"showImageEffects":false,"showParticleSystems":false},"in2DMode":false,"pivot":{"x":-0.7809267044067383,"y":-0.6433902382850647,"z":0.6223611831665039},"rotation":{"x":-0.09687258303165436,"y":-0.35316216945648196,"z":0.03679562732577324,"w":-0.9298055171966553},"size":2.397653102874756,"orthographic":false}