{"cameraMode":{"drawMode":0,"name":"Shaded","section":"Shading Mode"},"sceneLighting":false,"audioPlay":false,"sceneViewState":{"showFog":false,"showMaterialUpdate":false,"showSkybox":false,"showFlares":false,"showImageEffects":false,"showParticleSystems":false},"in2DMode":false,"pivot":{"x":0.8137426376342773,"y":0.7622486352920532,"z":-1.7623158693313599},"rotation":{"x":0.007247817236930132,"y":-0.9257604479789734,"z":-0.01776554249227047,"w":-0.37762340903282168},"size":5.0501179695129398,"orthographic":false}