{"cameraMode":{"drawMode":0,"name":"Shaded","section":"Shading Mode"},"sceneLighting":false,"audioPlay":false,"sceneViewState":{"showFog":false,"showMaterialUpdate":false,"showSkybox":false,"showFlares":false,"showImageEffects":false,"showParticleSystems":false},"in2DMode":false,"pivot":{"x":-1.0393750667572022,"y":1.1111152172088624,"z":0.1465674489736557},"rotation":{"x":0.007247817236930132,"y":-0.9257604479789734,"z":-0.01776554249227047,"w":-0.37762340903282168},"size":5.050111293792725,"orthographic":false}