{"cameraMode":{"drawMode":0,"name":"Shaded","section":"Shading Mode"},"sceneLighting":false,"audioPlay":false,"sceneViewState":{"showFog":false,"showMaterialUpdate":false,"showSkybox":false,"showFlares":false,"showImageEffects":false,"showParticleSystems":false},"in2DMode":false,"pivot":{"x":0.2948518991470337,"y":-0.03376197814941406,"z":-0.11708039045333862},"rotation":{"x":-0.0587996244430542,"y":-0.9398995637893677,"z":0.2109813690185547,"w":-0.2619510293006897},"size":0.7022638320922852,"orthographic":false}