{"cameraMode":{"drawMode":0,"name":"Shaded","section":"Shading Mode"},"sceneLighting":false,"audioPlay":false,"sceneViewState":{"showFog":true,"showMaterialUpdate":false,"showSkybox":true,"showFlares":true,"showImageEffects":true,"showParticleSystems":true},"in2DMode":false,"pivot":{"x":-0.18250000476837159,"y":0.28156137466430666,"z":0.6620000004768372},"rotation":{"x":-0.06445121020078659,"y":-0.016477378085255624,"z":0.0010640904074534774,"w":-0.9977842569351196},"size":0.4286825358867645,"orthographic":false}