{"cameraMode":{"drawMode":0,"name":"Shaded","section":"Shading Mode"},"sceneLighting":false,"audioPlay":false,"sceneViewState":{"showFog":true,"showMaterialUpdate":false,"showSkybox":true,"showFlares":true,"showImageEffects":true,"showParticleSystems":true},"in2DMode":false,"pivot":{"x":0.005255356431007385,"y":0.020534366369247438,"z":0.12672719359397889},"rotation":{"x":-0.13700833916664124,"y":-0.5652156472206116,"z":0.09586203098297119,"w":-0.8078183531761169},"size":0.4348534941673279,"orthographic":false}