{"cameraMode":{"drawMode":0,"name":"Shaded","section":"Shading Mode"},"sceneLighting":false,"audioPlay":false,"sceneViewState":{"showFog":true,"showMaterialUpdate":false,"showSkybox":true,"showFlares":true,"showImageEffects":true,"showParticleSystems":true},"in2DMode":false,"pivot":{"x":0.190023273229599,"y":1.1842597723007203,"z":1.9558608531951905},"rotation":{"x":-0.27965787053108218,"y":0.48369911313056948,"z":-0.1664927750825882,"w":-0.8124695420265198},"size":0.3616480827331543,"orthographic":false}