{"cameraMode":{"drawMode":0,"name":"Shaded","section":"Shading Mode"},"sceneLighting":false,"audioPlay":false,"sceneViewState":{"showFog":true,"showMaterialUpdate":false,"showSkybox":true,"showFlares":true,"showImageEffects":true,"showParticleSystems":true},"in2DMode":false,"pivot":{"x":0.03500000014901161,"y":1.0499999523162842,"z":-0.13899999856948853},"rotation":{"x":-0.13700833916664124,"y":-0.5652156472206116,"z":0.09586203098297119,"w":-0.8078183531761169},"size":0.285788357257843,"orthographic":false}