{"cameraMode":{"drawMode":0,"name":"Shaded","section":"Shading Mode"},"sceneLighting":false,"audioPlay":false,"sceneViewState":{"showFog":true,"showMaterialUpdate":false,"showSkybox":true,"showFlares":true,"showImageEffects":true,"showParticleSystems":true},"in2DMode":false,"pivot":{"x":0.023306094110012056,"y":-0.003898710012435913,"z":-0.020279422402381898},"rotation":{"x":-0.19375666975975038,"y":0.011760413646697998,"z":-0.002323057735338807,"w":-0.980976402759552},"size":0.40784895420074465,"orthographic":false}